,duration,protocol_type,count,srv_count,serror_rate,srv_serror_rate,rerror_rate,srv_rerror_rate,same_srv_rate,diff_srv_rate,srv_diff_host_rate,classIDS
0,0,0,0,0,0,0,0,0,0,2,0,0
1,0,0,0,0,0,0,0,0,0,2,5,0
2,0,0,0,0,0,0,0,0,0,2,2,0
3,0,0,0,1,0,0,0,0,0,2,1,0
4,0,0,0,0,0,0,0,0,0,2,2,0
5,0,0,0,1,0,0,0,0,0,2,1,0
6,0,0,0,0,0,0,0,0,0,2,5,0
7,0,0,0,0,0,0,0,0,0,2,1,0
8,0,0,0,1,0,0,0,0,0,2,1,0
9,0,0,0,1,0,0,0,0,0,2,1,0
10,0,0,0,0,0,0,0,0,0,2,5,0
11,0,0,0,0,0,0,0,0,0,2,5,0
12,0,0,0,1,0,0,0,0,0,2,1,0
13,0,0,0,1,0,0,0,0,0,2,1,0
14,0,0,0,0,0,0,0,0,0,2,2,0
15,0,0,1,1,0,0,0,0,0,2,2,0
16,0,0,0,0,0,0,0,0,0,2,5,0
17,0,0,0,0,0,0,0,0,0,2,2,0
18,0,0,0,0,0,0,0,0,0,2,2,0
19,0,0,0,0,0,0,0,0,0,2,2,0
20,0,0,1,1,0,0,0,0,0,2,1,0
21,0,0,0,1,0,0,0,0,0,2,1,0
22,0,0,0,0,0,0,0,0,0,2,2,0
23,0,0,0,1,0,0,0,0,0,2,1,0
24,0,0,0,0,0,0,0,0,0,2,2,0
25,0,0,0,1,0,0,0,0,0,2,1,0
26,0,0,0,0,0,0,0,0,0,2,2,0
27,0,0,0,0,0,0,0,0,0,2,2,0
28,0,0,0,0,0,0,0,0,0,2,5,0
29,0,0,0,0,0,0,0,0,0,2,5,0
30,0,0,0,0,0,0,0,0,0,2,5,0
31,0,0,0,0,0,0,0,0,0,2,0,0
32,0,0,1,1,0,0,0,0,0,2,1,0
33,0,0,1,1,0,0,0,0,0,2,1,0
34,0,0,0,1,0,0,0,0,0,2,1,0
35,0,0,0,0,0,0,0,0,0,2,1,0
36,0,0,0,1,0,0,0,0,0,2,5,0
37,0,0,0,0,0,0,0,0,0,2,1,0
38,0,0,0,0,0,0,0,0,0,2,5,0
39,0,0,0,0,0,0,0,0,0,2,2,0
40,0,0,0,0,0,0,0,0,0,2,5,0
41,0,0,1,1,0,0,0,0,0,2,2,0
42,0,0,1,1,0,0,0,0,0,2,1,0
43,0,0,0,1,0,0,0,0,0,2,1,0
44,0,0,0,1,0,0,0,0,0,2,5,0
45,0,0,0,1,0,0,0,0,0,2,1,0
46,0,0,0,0,0,0,0,0,0,2,2,0
47,0,0,0,0,0,0,0,0,0,2,4,0
48,0,0,0,0,0,0,0,0,0,2,6,0
49,0,0,1,1,0,0,0,0,0,2,1,0
50,0,0,0,1,0,0,0,0,0,2,1,0
51,0,0,0,0,0,0,0,0,0,2,2,0
52,0,0,0,0,0,0,0,0,0,2,5,0
53,0,0,0,0,0,0,0,0,0,2,5,0
54,0,0,0,1,0,0,0,0,0,2,1,0
55,0,0,0,1,0,0,0,0,0,2,1,0
56,0,0,1,1,0,0,0,0,0,2,1,0
57,0,0,0,0,0,0,0,0,0,2,5,0
58,0,0,0,0,0,0,0,0,0,2,4,0
59,0,0,0,0,0,0,0,0,0,2,5,0
60,0,0,0,0,0,0,0,0,0,2,2,0
61,0,0,1,1,0,0,0,0,0,2,1,0
62,0,0,1,1,0,0,0,0,0,2,1,0
63,0,0,0,1,0,0,0,0,0,2,1,0
64,0,0,1,1,0,0,0,0,0,2,1,0
65,0,0,0,1,0,0,0,0,0,2,1,0
66,0,0,0,0,0,0,0,0,0,2,5,0
67,0,0,0,0,0,0,0,0,0,2,5,0
68,0,0,0,0,0,0,0,0,0,2,5,0
69,0,0,0,0,0,0,0,0,0,2,4,0
70,0,0,0,0,0,0,0,0,0,2,2,0
71,0,0,0,0,0,0,0,0,0,2,4,0
72,0,0,1,1,0,0,0,0,0,2,1,0
73,0,0,0,1,0,0,0,0,0,2,1,0
74,0,0,0,1,0,0,0,0,0,2,1,0
75,0,0,0,0,0,0,0,0,0,2,5,0
76,0,0,0,0,0,0,0,0,0,2,5,0
77,0,0,0,0,0,0,0,0,0,2,4,0
78,0,0,0,0,0,0,0,0,0,2,2,0
79,0,0,0,0,0,0,0,0,0,2,4,0
80,0,0,1,1,0,0,0,0,0,2,1,0
81,0,0,0,0,0,0,0,0,0,2,2,0
82,0,0,0,0,0,0,0,0,0,2,5,0
83,0,0,0,0,0,0,0,0,0,2,2,0
84,0,0,0,0,0,0,0,0,0,2,2,0
85,0,0,0,0,0,0,0,0,0,2,1,0
86,0,0,0,0,0,0,0,0,0,2,2,0
87,0,0,0,0,0,0,0,0,0,2,4,0
88,0,0,0,0,0,0,0,0,0,2,2,0
89,0,0,1,1,0,0,0,0,0,2,2,0
90,0,0,1,1,0,0,0,0,0,2,1,0
91,0,0,0,0,0,0,0,0,0,2,2,0
92,0,0,0,0,0,0,0,0,0,2,5,0
93,0,0,0,0,0,0,0,0,0,2,4,0
94,0,0,0,0,0,0,0,0,0,2,2,0
95,0,0,0,0,0,0,0,0,0,2,4,0
96,0,0,0,0,0,0,0,0,0,2,5,0
97,0,0,1,1,0,0,0,0,0,2,1,0
98,0,0,0,1,0,0,0,0,0,2,1,0
99,0,0,1,1,1,1,0,0,1,2,2,1
100,0,0,1,0,1,1,0,0,2,2,2,1
101,0,0,1,1,1,1,0,0,1,2,2,1
102,0,0,2,0,1,1,0,0,2,2,2,1
103,0,0,2,1,1,1,0,0,1,2,2,1
104,0,0,1,0,1,1,0,0,2,2,2,1
105,0,0,2,1,1,1,0,0,1,2,2,1
106,0,0,2,0,1,1,0,0,2,2,2,1
107,0,0,2,1,1,1,0,0,2,2,2,1
108,0,0,2,1,1,1,0,0,1,2,2,1
109,0,0,2,0,1,1,0,0,2,2,2,1
110,0,0,2,0,1,1,0,0,2,2,2,1
111,0,0,2,0,1,1,0,0,2,2,2,1
112,0,0,2,1,1,1,0,0,1,2,2,1
113,0,0,2,0,1,1,0,0,2,2,2,1
114,0,0,2,1,1,1,0,0,1,2,2,1
115,0,0,2,0,1,1,0,0,2,2,2,1
116,0,0,2,1,1,1,0,0,1,2,2,1
117,0,0,2,0,1,1,0,0,2,2,2,1
118,0,0,2,1,1,1,0,0,2,2,2,1
119,0,0,2,1,1,1,0,0,1,2,2,1
120,0,0,2,0,1,1,0,0,2,2,2,1
121,0,0,2,0,1,1,0,0,2,2,2,1
122,0,0,2,0,1,1,0,0,2,2,2,1
123,0,0,2,1,1,1,0,0,1,2,2,1
124,0,0,2,1,1,1,0,0,2,2,2,1
125,0,0,2,1,1,1,0,0,1,2,2,1
126,0,0,2,0,1,1,0,0,2,2,2,1
127,0,0,2,1,1,1,0,0,1,2,2,1
128,0,0,2,1,1,1,0,0,1,2,2,1
129,0,0,2,1,1,1,0,0,2,2,2,1
130,0,0,1,0,1,1,0,0,2,2,2,1
131,0,0,2,1,1,1,0,0,1,2,2,1
132,0,0,2,0,1,1,0,0,2,2,2,1
133,0,0,2,1,1,1,0,0,2,2,2,1
134,0,0,2,1,1,1,0,0,1,2,2,1
135,0,0,1,0,1,1,0,0,2,2,2,1
136,0,0,1,1,1,1,0,0,1,2,2,1
137,0,0,2,0,1,1,0,0,2,2,2,1
138,0,0,2,1,1,1,0,0,1,2,2,1
139,0,0,1,0,1,1,0,0,2,2,2,1
140,0,0,1,1,1,1,0,0,1,2,2,1
141,0,0,2,0,1,1,0,0,2,2,2,1
142,0,0,2,0,1,1,0,0,2,2,2,1
143,0,0,2,1,1,1,0,0,1,2,2,1
144,0,0,1,0,1,1,0,0,2,2,2,1
145,0,0,2,0,1,1,0,0,2,2,2,1
146,0,0,2,0,1,1,0,0,2,2,2,1
147,0,0,2,1,1,1,0,0,1,2,2,1
148,0,0,2,0,1,1,0,0,2,2,2,1
149,0,0,2,1,1,1,0,0,2,2,2,1
150,0,0,2,0,1,1,0,0,2,2,2,1
151,0,0,2,1,1,1,0,0,1,2,2,1
152,0,0,2,1,1,1,0,0,1,2,2,1
153,0,0,2,0,1,1,0,0,2,2,2,1
154,0,0,2,1,1,1,0,0,1,2,2,1
155,0,0,2,0,1,1,0,0,2,2,2,1
156,0,0,2,1,1,1,0,0,2,2,2,1
157,0,0,2,1,1,1,0,0,1,2,2,1
158,0,0,2,1,1,1,0,0,2,2,2,1
159,0,0,2,1,1,1,0,0,1,2,2,1
160,0,0,1,1,1,1,0,0,1,2,2,1
161,0,0,2,0,1,1,0,0,2,2,2,1
162,0,0,2,0,1,1,0,0,2,2,2,1
163,0,0,2,1,1,1,0,0,2,2,2,1
164,0,0,2,1,1,1,0,0,1,2,2,1
165,0,0,1,0,1,1,0,0,2,2,2,1
166,0,0,2,0,1,1,0,0,2,2,2,1
167,0,0,2,1,1,1,0,0,1,2,2,1
168,0,0,2,0,1,1,0,0,2,2,2,1
169,0,0,2,1,1,1,0,0,1,2,2,1
170,0,0,2,0,1,1,0,0,2,2,2,1
171,0,0,2,0,1,1,0,0,2,2,2,1
172,0,0,2,1,1,1,0,0,1,2,2,1
173,0,0,2,0,1,1,0,0,2,2,2,1
174,0,0,2,1,1,1,0,0,1,2,2,1
175,0,0,2,1,1,1,0,0,1,2,2,1
176,0,0,2,0,1,1,0,0,2,2,2,1
177,0,0,2,0,1,1,0,0,2,2,2,1
178,0,0,2,1,1,1,0,0,1,2,2,1
179,0,0,2,0,1,1,0,0,2,2,2,1
180,0,0,2,1,1,1,0,0,1,2,2,1
181,0,0,2,1,1,1,0,0,1,2,2,1
182,0,0,2,0,1,1,0,0,2,2,2,1
183,0,0,2,1,1,1,0,0,1,2,2,1
184,0,0,2,1,1,1,0,0,1,2,2,1
185,0,0,2,1,1,1,0,0,2,2,2,1
186,0,0,1,0,1,1,0,0,2,2,2,1
187,0,0,2,1,1,1,0,0,1,2,2,1
188,0,0,2,0,1,1,0,0,2,2,2,1
189,0,0,2,1,1,1,0,0,1,2,2,1
190,0,0,2,1,1,1,0,0,1,2,2,1
191,0,0,1,1,1,1,0,0,1,2,2,1
192,0,0,1,0,1,1,0,0,2,2,2,1
193,0,0,2,1,1,1,0,0,1,2,2,1
194,0,0,2,1,1,1,0,0,1,2,2,1
195,0,0,2,1,1,1,0,0,1,2,2,1
196,0,0,1,1,1,1,0,0,1,2,2,1
197,0,0,2,0,1,1,0,0,2,2,2,1
198,0,0,2,1,1,1,0,0,1,2,2,1
199,0,0,0,0,0,0,0,0,0,2,2,0
200,0,0,0,0,0,0,0,0,0,2,2,0
201,0,0,0,0,0,0,0,0,0,2,2,0
202,0,0,0,0,0,0,0,0,0,2,2,0
203,0,0,0,0,0,0,0,0,0,2,2,0
204,0,0,0,0,0,0,0,0,0,2,2,0
205,0,0,0,0,0,0,0,0,0,2,0,0
206,0,0,0,0,0,0,0,0,0,2,2,0
207,0,0,0,0,0,0,0,0,0,2,2,0
208,0,0,0,0,0,0,0,0,0,2,2,0
209,0,0,1,1,0,0,0,0,0,2,2,0
210,0,0,0,0,0,0,0,0,0,2,2,0
211,0,0,1,1,0,0,0,0,0,2,2,0
212,0,0,0,0,0,0,0,0,0,2,2,0
213,0,0,0,0,0,0,0,0,0,2,2,0
214,0,0,1,1,0,0,0,0,0,2,2,0
215,0,0,0,0,0,0,0,0,0,2,2,0
216,0,0,1,1,0,0,0,0,0,2,2,0
217,0,0,0,0,0,0,0,0,0,2,5,0
218,0,0,0,0,0,0,0,0,0,2,2,0
219,0,0,1,1,0,0,0,0,0,2,2,0
220,0,0,0,0,0,0,0,0,0,2,2,0
221,0,0,1,1,0,0,0,0,0,2,2,0
222,0,0,0,0,0,0,0,0,0,2,2,0
223,0,0,1,1,0,0,0,0,0,2,2,0
224,0,0,1,1,0,0,0,0,0,2,2,0
225,0,0,0,0,0,0,0,0,0,2,2,0
226,0,0,0,0,0,0,0,0,0,2,2,0
227,0,0,0,0,0,0,0,0,0,2,2,0
228,0,0,0,1,0,0,0,0,0,2,1,0
229,0,0,0,0,0,0,0,0,0,2,2,0
230,0,0,0,0,0,0,0,0,0,2,2,0
231,0,0,0,1,0,0,0,0,0,2,1,0
232,0,0,0,1,0,0,0,0,0,2,1,0
233,0,0,0,0,0,0,0,0,0,2,2,0
234,0,0,0,0,0,0,0,0,0,2,2,0
235,0,0,0,0,0,0,0,0,0,2,2,0
236,0,0,0,0,0,0,0,0,0,2,2,0
237,0,0,0,0,0,0,0,0,0,2,2,0
238,0,0,0,0,0,0,0,0,0,2,2,0
239,0,0,0,0,0,0,0,0,0,2,2,0
240,0,0,0,0,0,0,0,0,0,2,2,0
241,0,0,0,1,0,0,0,0,0,2,1,0
242,0,0,0,1,0,0,0,0,0,2,1,0
243,0,0,0,0,0,0,0,0,0,2,2,0
244,0,0,0,0,0,0,0,0,0,2,2,0
245,0,0,0,0,0,0,0,0,0,2,2,0
246,0,0,0,0,0,0,0,0,0,2,2,0
247,0,0,0,0,0,0,0,0,0,2,2,0
248,0,0,0,0,0,0,0,0,0,2,2,0
249,0,0,0,0,0,0,0,0,0,2,5,0
250,0,0,0,0,0,0,0,0,0,2,2,0
251,0,0,1,1,0,0,0,0,0,2,2,0
252,0,0,1,1,0,0,0,0,0,2,2,0
253,0,0,1,1,0,0,0,0,0,2,2,0
254,0,0,0,0,0,0,0,0,0,2,2,0
255,0,0,0,0,0,0,0,0,0,2,2,0
256,0,0,0,0,0,0,0,0,0,2,2,0
257,0,0,0,1,0,0,0,0,0,2,1,0
258,0,0,1,1,0,0,0,0,0,2,1,0
259,0,0,1,1,0,0,0,0,0,2,2,0
260,0,0,0,0,0,0,0,0,0,2,2,0
261,0,0,1,1,0,0,0,0,0,2,1,0
262,0,0,0,0,0,0,0,0,0,2,2,0
263,0,0,1,1,0,0,0,0,0,2,2,0
264,0,0,0,0,0,0,0,0,0,2,2,0
265,0,0,1,1,0,0,0,0,0,2,2,0
266,0,0,0,1,0,0,0,0,0,2,1,0
267,0,0,1,1,0,0,0,0,0,2,1,0
268,0,0,1,1,0,0,0,0,0,2,1,0
269,0,0,0,1,0,0,0,0,0,2,2,0
270,0,0,1,1,0,0,0,0,0,2,2,0
271,0,0,0,0,0,0,0,0,0,2,2,0
272,0,0,1,1,0,0,0,0,0,2,1,0
273,0,0,1,1,0,0,0,0,0,2,2,0
274,0,0,0,1,0,0,0,0,0,2,1,0
275,0,0,1,1,0,0,0,0,0,2,1,0
276,0,0,0,1,0,0,0,0,0,2,1,0
277,0,0,1,1,0,0,0,0,0,2,1,0
278,0,0,0,0,0,0,0,0,0,2,2,0
279,0,0,1,1,0,0,0,0,0,2,2,0
280,0,0,0,0,0,0,0,0,0,2,2,0
281,0,0,0,0,0,0,0,0,0,2,1,0
282,0,0,1,1,0,0,0,0,0,2,1,0
283,0,0,0,1,0,0,0,0,0,2,1,0
284,0,0,0,0,0,0,0,0,0,2,2,0
285,0,0,0,0,0,0,0,0,0,2,2,0
286,0,0,1,1,0,0,0,0,0,2,2,0
287,0,0,0,0,0,0,0,0,0,2,2,0
288,0,0,1,1,0,0,0,0,0,2,2,0
289,0,0,0,0,0,0,0,0,0,2,2,0
290,0,0,0,0,0,0,0,0,0,2,5,0
291,0,0,1,1,0,0,0,0,0,2,1,0
292,0,0,1,1,0,0,0,0,0,2,2,0
293,0,0,0,1,0,0,0,0,0,2,1,0
294,0,0,1,1,0,0,0,0,0,2,2,0
295,0,0,1,1,0,0,0,0,0,2,2,0
296,0,0,0,1,0,0,0,0,0,2,2,0
297,0,0,0,0,0,0,0,0,0,2,2,0
298,0,0,0,0,0,0,0,0,0,2,2,0
299,0,0,0,1,0,0,0,0,0,2,2,0
300,0,0,0,0,0,0,0,0,0,2,2,0
301,0,0,0,0,0,0,0,0,0,2,2,0
302,0,0,0,0,0,0,0,0,0,2,2,0
303,0,0,0,1,0,0,0,0,0,2,2,0
304,0,0,0,0,0,0,0,0,0,2,2,0
305,0,0,0,0,0,0,0,0,0,2,2,0
306,0,0,0,0,0,0,0,0,0,2,2,0
307,0,0,1,1,0,0,0,0,0,2,2,0
308,0,0,1,1,0,0,0,0,0,2,2,0
309,0,0,0,0,0,0,0,0,0,2,2,0
310,0,0,1,1,0,0,0,0,0,2,2,0
311,0,0,1,1,0,0,0,0,0,2,2,0
312,0,0,0,0,0,0,0,0,0,2,2,0
313,0,0,0,0,0,0,0,0,0,2,2,0
314,0,0,1,1,0,0,0,0,0,2,1,0
315,0,0,0,0,0,0,0,0,0,2,5,0
316,0,0,0,0,0,0,0,0,0,2,2,0
317,0,0,0,0,0,0,0,0,0,2,2,0
318,0,0,0,0,0,0,0,0,0,2,2,0
319,0,0,0,0,0,0,0,0,0,2,2,0
320,0,0,0,1,0,0,0,0,0,2,1,0
321,0,0,0,0,0,0,0,0,0,2,2,0
322,0,0,0,0,0,0,0,0,0,2,2,0
323,0,0,0,0,0,0,0,0,0,2,2,0
324,0,0,0,0,0,0,0,0,0,2,2,0
325,0,0,0,0,0,0,0,0,0,2,2,0
326,0,0,0,0,0,0,0,0,0,2,2,0
327,0,0,0,0,2,2,0,0,0,2,2,0
328,0,0,0,0,0,0,0,0,0,2,2,0
329,0,0,0,0,0,0,0,0,0,2,2,0
330,0,0,0,0,0,0,0,0,0,2,2,0
331,0,0,0,0,0,0,0,0,0,2,2,0
332,0,0,0,0,0,0,0,0,0,2,2,0
333,0,0,0,0,0,0,0,0,0,2,2,0
334,0,0,0,0,0,0,0,0,0,2,2,0
335,0,0,0,0,0,0,0,0,0,2,2,0
336,0,0,0,0,0,0,0,0,0,2,2,0
337,0,0,1,1,0,0,0,0,0,2,2,0
338,0,0,1,1,0,0,0,0,0,2,2,0
339,0,0,0,0,0,0,0,0,0,2,2,0
340,0,0,0,0,0,0,0,0,0,2,2,0
341,0,0,0,0,0,0,0,0,0,2,5,0
342,0,0,0,0,0,0,0,0,0,2,2,0
343,0,0,0,0,0,0,0,0,0,2,2,0
344,0,0,0,0,0,0,0,0,0,2,2,0
345,0,0,0,0,0,0,0,0,0,2,2,0
346,0,0,0,0,0,0,0,0,0,2,2,0
347,0,0,0,0,0,0,0,0,0,2,2,0
348,0,0,0,0,0,0,0,0,0,2,2,0
349,0,0,0,0,0,0,0,0,0,2,2,0
350,0,0,1,1,0,0,0,0,0,2,2,0
351,0,0,0,0,0,0,0,0,0,2,2,0
352,0,0,0,0,0,0,0,0,0,2,2,0
353,0,0,0,0,0,0,0,0,0,2,2,0
354,0,0,1,1,0,0,0,0,0,2,2,0
355,0,0,0,0,0,0,0,0,0,2,2,0
356,0,0,0,0,0,0,0,0,0,2,2,0
357,0,0,0,0,0,0,0,0,0,2,2,0
358,0,0,0,0,0,0,0,0,0,2,2,0
359,0,0,1,1,0,0,0,0,0,2,2,0
360,0,0,0,0,0,0,0,0,0,2,5,0
361,0,0,1,1,0,0,0,0,0,2,1,0
362,0,0,0,0,0,0,0,0,0,2,2,0
363,0,0,1,1,0,0,0,0,0,2,2,0
364,0,0,0,0,0,0,0,0,0,2,5,0
365,0,0,0,0,0,0,0,0,0,2,2,0
366,0,0,0,0,0,0,0,0,0,2,2,0
367,0,0,1,1,0,0,0,0,0,2,2,0
368,0,0,1,1,0,0,0,0,0,2,2,0
369,0,0,0,0,0,0,0,0,0,2,2,0
370,0,0,0,0,0,0,0,0,0,2,2,0
371,0,0,1,1,0,0,0,0,0,2,2,0
372,0,0,0,0,0,0,0,0,0,2,2,0
373,0,0,0,0,0,0,0,0,0,2,2,0
374,0,0,0,0,0,0,0,0,0,2,2,0
375,0,0,0,0,0,0,0,0,0,2,2,0
376,0,0,0,0,0,0,0,0,0,2,2,0
377,0,0,0,0,0,0,0,0,0,2,2,0
378,0,0,1,1,0,0,0,0,0,2,2,0
379,0,0,0,0,0,0,0,0,0,2,2,0
380,0,0,1,1,0,0,0,0,0,2,2,0
381,0,0,0,0,0,0,0,0,0,2,2,0
382,0,0,0,0,0,0,0,0,0,2,2,0
383,0,0,0,0,0,0,0,0,0,2,2,0
384,0,0,0,0,0,0,0,0,0,2,2,0
385,0,0,1,1,0,0,0,0,0,2,2,0
386,0,0,0,0,0,0,0,0,0,2,2,0
387,0,0,0,1,0,0,0,0,0,2,1,0
388,0,0,0,0,0,0,0,0,0,2,2,0
389,0,0,0,0,0,0,0,0,0,2,2,0
390,0,0,0,0,0,0,0,0,0,2,2,0
391,0,0,1,1,0,0,0,0,0,2,2,0
392,0,0,0,1,0,0,0,0,0,2,2,0
393,0,0,0,0,0,0,0,0,0,2,2,0
394,0,0,1,1,0,0,0,0,0,2,2,0
395,0,0,1,1,0,0,0,0,0,2,5,0
396,0,0,0,0,0,0,0,0,0,2,2,0
397,0,0,0,0,0,0,0,0,0,2,2,0
398,0,0,0,0,0,0,0,0,0,2,2,0
399,0,0,0,0,0,0,0,0,0,2,4,0
400,0,0,1,1,0,0,0,0,0,2,1,0
401,0,0,0,1,0,0,0,0,0,2,2,0
402,0,0,0,0,0,0,0,0,0,2,2,0
403,0,0,0,0,0,0,0,0,0,2,2,0
404,0,0,0,0,0,0,0,0,0,2,2,0
405,0,0,0,0,0,0,0,0,0,2,2,0
406,0,0,0,0,0,0,0,0,0,2,2,0
407,0,0,0,0,0,0,0,0,0,2,2,0
408,0,0,0,0,0,0,0,0,0,2,2,0
409,0,0,0,0,0,0,0,0,0,2,0,0
410,0,0,0,0,0,0,0,0,0,2,2,0
411,0,0,0,0,0,0,0,0,4,0,2,0
412,0,1,0,0,0,0,0,0,0,2,0,0
413,0,1,0,0,0,0,0,0,0,2,2,0
414,0,0,0,0,0,0,0,0,0,2,2,0
415,1,0,0,0,0,0,0,0,0,2,0,0
416,0,1,0,0,0,0,0,0,0,2,6,0
417,0,0,0,0,0,0,0,0,0,2,2,0
418,0,1,0,0,0,0,0,0,0,2,0,0
419,0,0,0,0,0,0,0,0,0,2,2,0
420,0,0,0,0,0,0,0,0,5,4,2,0
421,0,0,0,0,0,0,0,0,0,2,2,0
422,0,0,0,0,0,0,0,0,0,2,2,0
423,0,1,0,0,0,0,0,0,0,2,0,0
424,0,0,0,0,0,0,0,0,0,2,2,0
425,0,1,0,0,0,0,0,0,0,2,6,0
426,0,0,0,0,0,0,0,0,4,0,2,0
427,0,0,0,0,0,0,0,0,0,2,2,0
428,0,0,0,0,0,0,0,0,0,2,5,0
429,0,0,0,1,0,0,0,0,0,2,1,0
430,0,0,1,1,0,0,0,0,0,2,2,0
431,0,0,0,0,0,0,0,0,0,2,2,0
432,0,0,0,0,0,0,0,0,0,2,2,0
433,0,0,0,0,0,0,0,0,0,2,2,0
434,0,0,0,0,0,0,0,0,0,2,2,0
435,0,0,0,0,0,0,0,0,0,2,2,0
436,0,0,1,1,0,0,0,0,0,2,2,0
437,0,0,1,1,0,0,0,0,0,2,1,0
438,0,0,0,1,0,0,0,0,0,2,1,0
439,0,0,0,1,0,0,0,0,0,2,2,0
440,0,0,0,0,0,0,0,0,0,2,2,0
441,0,0,0,1,0,0,0,0,0,2,1,0
442,0,0,0,0,0,0,0,0,0,2,2,0
443,0,0,0,0,0,0,0,0,0,2,4,0
444,0,0,0,0,0,0,0,0,0,2,2,0
445,0,0,0,0,0,0,0,0,0,2,2,0
446,0,0,0,0,0,0,0,0,0,2,2,0
447,0,0,0,0,0,0,0,0,0,2,2,0
448,0,0,1,1,0,0,0,0,0,2,2,0
449,0,0,0,0,0,0,0,0,0,2,2,0
450,0,0,0,1,0,0,0,0,0,2,2,0
451,0,0,0,0,0,0,0,0,0,2,2,0
452,0,0,0,0,0,0,0,0,0,2,2,0
453,0,0,1,1,0,0,0,0,0,2,2,0
454,0,0,1,1,0,0,0,0,0,2,2,0
455,0,0,0,0,0,0,0,0,0,2,2,0
456,0,0,0,0,0,0,0,0,0,2,2,0
457,0,0,0,0,0,0,0,0,0,2,2,0
458,0,0,0,0,0,0,0,0,0,2,2,0
459,0,0,0,0,0,0,0,0,0,2,2,0
460,0,0,1,1,0,0,0,0,0,2,2,0
461,0,0,0,0,0,0,0,0,0,2,2,0
462,0,0,0,0,0,0,0,0,0,2,2,0
463,0,0,0,0,0,0,0,0,0,2,2,0
464,0,0,0,0,0,0,0,0,0,2,2,0
465,0,0,0,0,0,0,0,0,0,2,2,0
466,0,0,0,0,0,0,0,0,0,2,2,0
467,0,0,1,1,0,0,0,0,0,2,2,0
468,0,0,0,0,0,0,0,0,0,2,2,0
469,0,0,0,0,0,0,0,0,0,2,2,0
470,0,0,1,1,0,0,0,0,0,2,2,0
471,0,0,0,0,0,0,0,0,0,2,2,0
472,0,0,0,0,0,0,0,0,0,2,2,0
473,0,0,0,0,0,0,0,0,0,2,2,0
474,0,0,1,1,0,0,0,0,0,2,2,0
475,0,0,0,0,0,0,0,0,0,2,2,0
476,0,0,0,0,0,0,0,0,0,2,2,0
477,0,0,1,1,0,0,0,0,0,2,2,0
478,0,0,0,1,0,0,0,0,0,2,1,0
479,0,0,0,0,0,0,0,0,0,2,5,0
480,0,0,0,0,0,0,0,0,0,2,2,0
481,0,0,1,1,0,0,0,0,0,2,2,0
482,0,0,0,0,0,0,0,0,0,2,2,0
483,0,0,0,0,0,0,0,0,0,2,2,0
484,0,0,1,1,0,0,0,0,0,2,2,0
485,0,0,0,0,0,0,0,0,0,2,2,0
486,0,0,0,0,0,0,0,0,0,2,2,0
487,0,0,0,0,0,0,0,0,0,2,2,0
488,0,0,1,1,0,0,0,0,0,2,2,0
489,0,0,0,0,0,0,0,0,0,2,2,0
490,0,0,0,0,0,0,0,0,0,2,2,0
491,0,0,0,0,0,0,0,0,0,2,2,0
492,0,0,1,1,0,0,0,0,0,2,2,0
493,0,0,1,1,0,0,0,0,0,2,2,0
494,0,0,0,0,0,0,0,0,0,2,2,0
495,0,0,0,0,0,0,0,0,0,2,2,0
496,0,0,1,1,0,0,0,0,0,2,2,0
497,0,0,0,0,0,0,0,0,0,2,2,0
498,0,0,0,0,0,0,0,0,0,2,2,0
499,0,0,0,0,0,0,0,0,0,2,2,0
500,0,0,1,1,0,0,0,0,0,2,2,0
501,0,0,0,0,0,0,0,0,0,2,2,0
502,0,0,0,0,0,0,0,0,0,2,2,0
503,0,0,1,1,0,0,0,0,0,2,2,0
504,0,0,1,1,0,0,0,0,0,2,2,0
505,0,0,0,0,0,0,0,0,0,2,2,0
506,0,0,0,0,0,0,0,0,0,2,2,0
507,0,0,1,1,0,0,0,0,0,2,2,0
508,0,0,0,0,0,0,0,0,0,2,2,0
509,0,0,0,0,0,0,0,0,0,2,2,0
510,0,0,1,1,0,0,0,0,0,2,2,0
511,0,0,0,0,0,0,0,0,0,2,2,0
512,0,0,0,0,0,0,0,0,0,2,2,0
513,0,0,1,1,0,0,0,0,0,2,2,0
514,0,0,0,0,0,0,0,0,0,2,2,0
515,0,0,0,0,0,0,0,0,0,2,4,0
516,0,0,1,1,0,0,0,0,0,2,1,0
517,0,0,1,1,0,0,0,0,0,2,2,0
518,0,0,0,0,0,0,0,0,0,2,2,0
519,0,0,0,0,0,0,0,0,0,2,2,0
520,0,0,1,1,0,0,0,0,0,2,2,0
521,0,0,0,0,0,0,0,0,0,2,2,0
522,0,0,0,0,0,0,0,0,0,2,2,0
523,0,0,0,0,0,0,0,0,0,2,2,0
524,0,0,0,0,0,0,0,0,0,2,2,0
525,0,0,1,1,0,0,0,0,0,2,2,0
526,0,0,0,0,0,0,0,0,0,2,2,0
527,0,0,1,1,0,0,0,0,0,2,2,0
528,0,0,0,1,0,0,0,0,0,2,1,0
529,0,0,1,1,0,0,0,0,0,2,5,0
530,0,0,1,1,0,0,0,0,0,2,1,0
531,0,0,1,1,0,0,0,0,0,2,1,0
532,0,0,0,0,0,0,0,0,0,2,2,0
533,0,0,0,0,0,0,0,0,0,2,2,0
534,0,0,1,1,0,0,0,0,0,2,2,0
535,0,0,0,0,0,0,0,0,0,2,2,0
536,0,0,1,1,0,0,0,0,0,2,2,0
537,0,0,0,0,0,0,0,0,0,2,2,0
538,0,0,1,1,0,0,0,0,0,2,1,0
539,0,0,0,0,0,0,0,0,0,2,2,0
540,0,0,1,1,0,0,0,0,0,2,2,0
541,0,0,0,0,0,0,0,0,0,2,2,0
542,0,0,1,1,3,3,0,0,0,2,2,0
543,0,0,0,1,0,0,0,0,0,2,1,0
544,0,0,1,1,0,0,0,0,0,2,2,0
545,0,0,0,0,0,0,0,0,0,2,5,0
546,0,0,0,0,0,0,0,0,0,2,2,0
547,0,0,0,1,0,0,0,0,0,2,2,0
548,0,0,0,0,0,0,0,0,0,2,2,0
549,0,0,0,0,0,0,0,0,0,2,5,0
550,0,0,0,0,0,0,0,0,0,2,2,0
551,0,0,1,1,0,0,0,0,0,2,2,0
552,0,0,0,0,0,0,0,0,0,2,2,0
553,0,0,0,0,0,0,0,0,0,2,2,0
554,0,0,0,0,0,0,0,0,0,2,2,0
555,0,0,0,0,0,0,0,0,0,2,2,0
556,0,0,0,1,0,0,0,0,0,2,2,0
557,0,0,0,0,0,0,0,0,0,2,2,0
558,0,0,0,0,0,0,0,0,0,2,2,0
559,0,0,1,1,0,0,0,0,0,2,2,0
560,0,0,1,1,0,0,0,0,0,2,2,0
561,0,0,1,1,0,0,0,0,0,2,2,0
562,0,0,1,1,0,0,0,0,0,2,1,0
563,0,0,0,0,0,0,0,0,0,2,2,0
564,0,0,1,1,0,0,0,0,0,2,2,0
565,0,0,0,0,0,0,0,0,0,2,2,0
566,0,0,0,0,0,0,0,0,0,2,2,0
567,0,0,1,1,0,0,0,0,0,2,2,0
568,0,0,1,1,0,0,0,0,0,2,2,0
569,0,0,0,1,0,0,0,0,0,2,1,0
570,0,0,1,1,0,0,0,0,0,2,2,0
571,0,0,1,1,0,0,0,0,0,2,2,0
572,0,0,0,0,0,0,0,0,0,2,2,0
573,0,0,1,1,0,0,0,0,0,2,2,0
574,0,0,0,0,0,0,0,0,0,2,2,0
575,0,0,1,1,0,0,0,0,0,2,2,0
576,0,0,0,0,0,0,0,0,0,2,2,0
577,0,0,1,1,0,0,0,0,0,2,2,0
578,0,0,0,0,0,0,0,0,0,2,2,0
579,0,0,1,1,0,0,0,0,0,2,2,0
580,0,0,0,0,0,0,0,0,0,2,2,0
581,0,0,0,0,0,0,0,0,0,2,2,0
582,2,0,0,0,0,0,0,0,0,2,2,0
583,0,0,0,0,0,0,0,0,0,2,2,0
584,0,0,0,0,0,0,0,0,0,2,2,0
585,0,0,0,0,0,0,0,0,0,2,2,0
586,0,0,1,1,0,0,0,0,0,2,2,0
587,0,0,0,0,0,0,0,0,0,2,2,0
588,0,0,0,0,0,0,0,0,0,2,5,0
589,0,0,1,1,0,0,0,0,0,2,1,0
590,0,0,1,1,0,0,0,0,0,2,2,0
591,0,0,0,0,0,0,0,0,0,2,2,0
592,0,0,1,1,0,0,0,0,0,2,2,0
593,0,0,1,1,0,0,0,0,0,2,2,0
594,0,0,1,1,0,0,0,0,0,2,2,0
595,0,0,0,0,0,0,0,0,0,2,0,0
596,0,0,0,0,0,0,0,0,0,2,1,0
597,0,0,0,1,0,0,0,0,0,2,1,0
598,0,0,0,1,0,0,0,0,0,2,1,0
599,0,0,0,0,4,1,0,0,6,5,2,1
600,0,0,1,1,4,1,0,0,6,3,2,1
601,0,0,1,0,1,1,0,0,2,2,2,1
602,0,0,2,0,1,1,0,0,2,2,2,1
603,0,0,2,1,1,1,0,0,1,2,2,1
604,0,0,2,0,1,1,0,0,2,2,2,1
605,0,0,2,1,1,1,0,0,1,2,2,1
606,0,0,2,0,1,1,0,0,2,2,2,1
607,0,0,2,1,1,1,0,0,1,2,2,1
608,0,0,2,0,1,1,0,0,2,2,2,1
609,0,0,2,1,1,1,0,0,2,2,2,1
610,0,0,2,0,1,1,0,0,2,2,2,1
611,0,0,2,1,1,1,0,0,2,2,2,1
612,0,0,2,1,1,1,0,0,1,2,2,1
613,0,0,2,1,1,1,0,0,2,2,2,1
614,0,0,2,1,1,1,0,0,1,2,2,1
615,0,0,1,1,1,1,0,0,1,2,2,1
616,0,0,1,1,1,1,0,0,1,2,2,1
617,0,0,2,0,1,1,0,0,2,2,2,1
618,0,0,2,1,1,1,0,0,1,2,2,1
619,0,0,1,0,1,1,0,0,2,2,2,1
620,0,0,1,1,1,1,0,0,1,2,2,1
621,0,0,1,0,1,1,0,0,2,2,2,1
622,0,0,1,0,1,1,0,0,2,2,2,1
623,0,0,1,1,1,1,0,0,1,2,2,1
624,0,0,1,1,1,1,0,0,1,2,2,1
625,0,0,1,1,1,1,0,0,5,2,2,1
626,0,0,1,0,1,1,0,0,1,2,2,1
627,0,0,1,0,1,4,0,0,2,3,4,1
628,0,0,1,0,1,1,0,0,1,2,2,1
629,0,0,1,0,1,1,0,0,1,2,2,1
630,0,0,1,1,1,1,0,0,1,2,2,1
631,0,0,1,1,1,1,0,0,1,2,2,1
632,0,0,1,0,1,1,0,0,1,2,2,1
633,0,0,1,0,1,1,0,0,2,2,2,1
634,0,0,1,0,1,1,0,0,1,2,2,1
635,0,0,1,1,1,1,0,0,1,2,2,1
636,0,0,2,1,1,1,0,0,1,2,2,1
637,0,0,1,0,1,1,0,0,2,2,2,1
638,0,0,1,1,1,1,0,0,1,2,2,1
639,0,0,1,1,1,4,0,0,1,2,1,1
640,0,0,2,1,1,1,0,0,1,2,2,1
641,0,0,2,1,1,1,0,0,2,2,2,1
642,0,0,2,1,1,1,0,0,1,2,2,1
643,0,0,2,0,1,1,0,0,2,2,2,1
644,0,0,2,1,1,1,0,0,1,2,2,1
645,0,0,2,0,1,1,0,0,2,2,2,1
646,0,0,2,1,1,1,0,0,2,2,2,1
647,0,0,2,1,1,1,0,0,1,2,2,1
648,0,0,2,0,1,1,0,0,2,2,2,1
649,0,0,2,0,1,1,0,0,2,2,2,1
650,0,0,1,0,1,1,0,0,2,2,2,1
651,0,0,2,0,1,1,0,0,2,2,2,1
652,0,0,2,1,1,1,0,0,1,2,2,1
653,0,0,2,1,1,1,0,0,1,2,2,1
654,0,0,2,0,1,1,0,0,2,2,2,1
655,0,0,2,1,1,1,0,0,1,2,2,1
656,0,0,2,0,1,1,0,0,2,2,2,1
657,0,0,2,1,1,1,0,0,2,2,2,1
658,0,0,1,0,1,1,0,0,2,2,2,1
659,0,0,2,1,1,1,0,0,1,2,2,1
660,0,0,2,1,1,1,0,0,1,2,2,1
661,0,0,1,1,1,1,0,0,1,2,2,1
662,0,0,2,1,1,1,0,0,1,2,2,1
663,0,0,2,1,1,1,0,0,1,2,2,1
664,0,0,2,0,1,1,0,0,2,2,2,1
665,0,0,2,1,1,1,0,0,1,2,2,1
666,0,0,2,1,1,1,0,0,2,2,2,1
667,0,0,2,1,1,1,0,0,1,2,2,1
668,0,0,2,1,1,1,0,0,1,2,2,1
669,0,0,2,0,1,1,0,0,2,2,2,1
670,0,0,2,0,1,1,0,0,2,2,2,1
671,0,0,2,1,1,1,0,0,1,2,2,1
672,0,0,2,0,1,1,0,0,2,2,2,1
673,0,0,1,0,1,1,0,0,2,2,2,1
674,0,0,1,0,1,1,0,0,2,2,2,1
675,0,0,2,1,1,1,0,0,2,2,2,1
676,0,0,2,1,1,1,0,0,2,2,2,1
677,0,0,2,1,1,1,0,0,1,2,2,1
678,0,0,1,0,1,1,0,0,2,2,2,1
679,0,0,1,0,1,1,0,0,1,2,2,1
680,0,0,2,1,1,1,0,0,1,2,2,1
681,0,0,2,1,1,1,0,0,1,2,2,1
682,0,0,1,0,1,1,0,0,1,2,2,1
683,0,0,1,1,1,1,0,0,1,2,2,1
684,0,0,1,1,1,1,0,0,1,2,2,1
685,0,0,1,0,1,1,0,0,1,2,2,1
686,0,0,1,0,1,1,0,0,2,2,2,1
687,0,0,1,0,1,1,0,0,2,2,2,1
688,0,0,1,1,1,1,0,0,1,2,2,1
689,0,0,2,1,1,1,0,0,1,2,2,1
690,0,0,1,0,1,1,0,0,2,2,2,1
691,0,0,1,0,1,1,0,0,2,2,2,1
692,0,0,2,0,1,1,0,0,2,2,2,1
693,0,0,2,1,1,1,0,0,1,2,2,1
694,0,0,2,1,1,1,0,0,1,2,2,1
695,0,0,2,1,1,1,0,0,1,2,2,1
696,0,0,2,0,1,1,0,0,2,2,2,1
697,0,0,2,1,1,1,0,0,1,2,2,1
698,0,0,2,1,1,1,0,0,1,2,2,1
699,0,0,2,0,1,1,0,0,2,2,2,1
700,0,0,2,1,1,1,0,0,1,2,2,1
701,0,0,2,0,1,1,0,0,2,2,2,1
702,0,0,1,1,1,1,0,0,1,2,2,1
703,0,0,2,0,1,1,0,0,2,2,2,1
704,0,0,2,1,1,1,0,0,1,2,2,1
705,0,0,2,0,1,1,0,0,2,2,2,1
706,0,0,2,1,1,1,0,0,1,2,2,1
707,0,0,2,0,1,1,0,0,2,2,2,1
708,0,0,2,1,1,1,0,0,1,2,2,1
709,0,0,2,0,1,1,0,0,2,2,2,1
710,0,0,2,1,1,1,0,0,2,2,2,1
711,0,0,1,0,1,1,0,0,2,2,2,1
712,0,0,2,0,1,1,0,0,2,2,2,1
713,0,0,1,0,1,1,0,0,2,2,2,1
714,0,0,2,1,1,1,0,0,1,2,2,1
715,0,0,2,1,1,1,0,0,2,2,2,1
716,0,0,2,1,1,1,0,0,1,2,2,1
717,0,0,1,0,1,1,0,0,2,2,2,1
718,0,0,2,1,1,1,0,0,1,2,2,1
719,0,0,2,0,1,1,0,0,2,2,2,1
720,0,0,2,1,1,1,0,0,1,2,2,1
721,0,0,2,1,1,1,0,0,1,2,2,1
722,0,0,2,1,1,1,0,0,1,2,2,1
723,0,0,2,0,1,1,0,0,2,2,2,1
724,0,0,2,1,1,1,0,0,1,2,2,1
725,0,0,1,1,1,1,0,0,1,2,2,1
726,0,0,2,1,1,1,0,0,1,2,2,1
727,0,0,2,0,1,1,0,0,2,2,2,1
728,0,0,2,1,1,1,0,0,1,2,2,1
729,0,0,2,0,1,1,0,0,2,2,2,1
730,0,0,2,1,1,1,0,0,1,2,2,1
731,0,0,2,0,1,1,0,0,2,2,2,1
732,0,0,2,1,1,1,0,0,2,2,2,1
733,0,0,2,0,1,1,0,0,2,2,2,1
734,0,0,2,0,1,1,0,0,2,2,2,1
735,0,0,2,1,1,1,0,0,1,2,2,1
736,0,0,2,0,1,1,0,0,2,2,2,1
737,0,0,1,0,1,1,0,0,2,2,2,1
738,0,0,1,0,1,1,0,0,1,2,2,1
739,0,0,1,0,1,1,0,0,1,2,2,1
740,0,0,2,0,1,1,0,0,2,2,2,1
741,0,0,2,1,1,1,0,0,1,2,2,1
742,0,0,2,0,1,1,0,0,2,2,2,1
743,0,0,1,0,1,1,0,0,2,2,2,1
744,0,0,2,0,1,1,0,0,2,2,2,1
745,0,0,2,1,1,1,0,0,1,2,2,1
746,0,0,2,0,1,1,0,0,2,2,2,1
747,0,0,2,1,1,1,0,0,1,2,2,1
748,0,0,2,0,1,1,0,0,2,2,2,1
749,0,0,2,1,1,1,0,0,1,2,2,1
750,0,0,1,1,1,1,0,0,1,2,2,1
751,0,0,2,1,1,1,0,0,1,2,2,1
752,0,0,2,1,1,1,0,0,2,2,2,1
753,0,0,2,0,1,1,0,0,2,2,2,1
754,0,0,2,0,1,1,0,0,2,2,2,1
755,0,0,2,0,1,1,0,0,2,2,2,1
756,0,0,2,1,1,1,0,0,1,2,2,1
757,0,0,2,0,1,1,0,0,2,2,2,1
758,0,0,2,1,1,1,0,0,1,2,2,1
759,0,0,2,0,1,1,0,0,2,2,2,1
760,0,0,2,0,1,1,0,0,2,2,2,1
761,0,0,2,0,1,1,0,0,2,2,2,1
762,0,0,2,1,1,1,0,0,2,2,2,1
763,0,0,2,1,1,1,0,0,2,2,2,1
764,0,0,1,0,1,1,0,0,2,2,2,1
765,0,0,2,0,1,1,0,0,2,2,2,1
766,0,0,2,0,1,1,0,0,2,2,2,1
767,0,0,2,1,1,1,0,0,1,2,2,1
768,0,0,2,0,1,1,0,0,2,2,2,1
769,0,0,2,1,1,1,0,0,1,2,2,1
770,0,0,2,0,1,1,0,0,2,2,2,1
771,0,0,2,1,1,1,0,0,1,2,2,1
772,0,0,2,1,1,1,0,0,1,2,2,1
773,0,0,2,0,1,1,0,0,2,2,2,1
774,0,0,2,1,1,1,0,0,2,2,2,1
775,0,0,1,0,1,1,0,0,2,2,2,1
776,0,0,2,0,1,1,0,0,2,2,2,1
777,0,0,2,1,1,1,0,0,1,2,2,1
778,0,0,2,0,1,1,0,0,2,2,2,1
779,0,0,2,0,1,1,0,0,2,2,2,1
780,0,0,2,1,1,1,0,0,1,2,2,1
781,0,0,2,1,1,1,0,0,1,2,2,1
782,0,0,2,0,1,1,0,0,2,2,2,1
783,0,0,2,1,1,1,0,0,2,2,2,1
784,0,0,2,0,1,1,0,0,2,2,2,1
785,0,0,2,1,1,1,0,0,1,2,2,1
786,0,0,2,0,1,1,0,0,2,2,2,1
787,0,0,2,0,1,1,0,0,2,2,2,1
788,0,0,1,1,1,1,0,0,1,2,2,1
789,0,0,2,1,1,1,0,0,1,2,2,1
790,0,0,1,1,1,1,0,0,1,2,2,1
791,0,0,1,0,1,1,0,0,2,2,2,1
792,0,0,2,1,1,1,0,0,1,2,2,1
793,0,0,1,0,1,1,0,0,2,2,2,1
794,0,0,1,1,1,1,0,0,1,2,2,1
795,0,0,1,0,1,1,0,0,2,2,2,1
796,0,0,1,1,1,1,0,0,1,2,2,1
797,0,0,1,0,1,1,0,0,2,2,2,1
798,0,0,1,0,1,1,0,0,1,2,2,1
799,0,0,1,1,1,1,0,0,1,2,2,1
800,0,0,1,1,1,1,0,0,1,2,2,1
801,0,0,2,0,1,1,0,0,2,2,2,1
802,0,0,2,1,1,1,0,0,1,2,2,1
803,0,0,2,0,1,1,0,0,2,2,2,1
804,0,0,2,0,1,1,0,0,2,2,2,1
805,0,0,2,1,1,1,0,0,1,2,2,1
806,0,0,2,0,1,1,0,0,2,2,2,1
807,0,0,2,1,1,1,0,0,2,2,2,1
808,0,0,2,0,1,1,0,0,2,2,2,1
809,0,0,2,0,1,1,0,0,2,2,2,1
810,0,0,2,1,1,1,0,0,2,2,2,1
811,0,0,2,0,1,1,0,0,2,2,2,1
812,0,0,2,0,1,1,0,0,2,2,2,1
813,0,0,2,1,1,1,0,0,1,2,2,1
814,0,0,2,1,1,1,0,0,1,2,2,1
815,0,0,2,1,1,1,0,0,1,2,2,1
816,0,0,2,0,1,1,0,0,2,2,2,1
817,0,0,2,1,1,1,0,0,1,2,2,1
818,0,0,1,0,1,1,0,0,2,2,2,1
819,0,0,2,1,1,1,0,0,1,2,2,1
820,0,0,2,0,1,1,0,0,2,2,2,1
821,0,0,2,1,1,1,0,0,1,2,2,1
822,0,0,2,0,1,1,0,0,2,2,2,1
823,0,0,2,1,1,1,0,0,1,2,2,1
824,0,0,1,0,1,1,0,0,2,2,2,1
825,0,0,2,1,1,1,0,0,1,2,2,1
826,0,0,1,0,1,1,0,0,2,2,2,1
827,0,0,1,0,1,1,0,0,1,2,2,1
828,0,0,1,1,1,1,0,0,1,2,2,1
829,0,0,2,1,1,1,0,0,1,2,2,1
830,0,0,1,0,1,1,0,0,2,3,2,1
831,0,0,1,1,1,1,0,0,1,2,2,1
832,0,0,1,1,1,1,0,0,1,2,2,1
833,0,0,1,0,1,1,0,0,2,2,2,1
834,0,0,1,1,1,1,0,0,1,2,2,1
835,0,0,1,0,1,1,0,0,1,2,2,1
836,0,0,1,1,1,1,0,0,5,2,2,1
837,0,0,1,0,1,1,0,0,2,2,2,1
838,0,0,1,1,1,1,0,0,1,2,2,1
839,0,0,2,1,1,1,0,0,1,2,2,1
840,0,0,1,0,1,1,0,0,1,2,2,1
841,0,0,1,1,1,1,0,0,1,2,2,1
842,0,0,1,0,1,1,0,0,2,2,2,1
843,0,0,1,1,1,1,0,0,1,2,2,1
844,0,0,2,1,1,1,0,0,1,2,2,1
845,0,0,1,0,1,1,0,0,2,2,2,1
846,0,0,2,0,1,1,0,0,2,2,2,1
847,0,0,2,1,1,1,0,0,1,2,2,1
848,0,0,2,0,1,1,0,0,2,2,2,1
849,0,0,2,1,1,1,0,0,1,2,2,1
850,0,0,2,0,1,1,0,0,2,2,2,1
851,0,0,2,0,1,1,0,0,2,2,2,1
852,0,0,2,1,1,1,0,0,1,2,2,1
853,0,0,2,0,1,1,0,0,2,2,2,1
854,0,0,2,1,1,1,0,0,1,2,2,1
855,0,0,2,1,1,1,0,0,2,2,2,1
856,0,0,2,0,1,1,0,0,2,2,2,1
857,0,0,2,1,1,1,0,0,2,2,2,1
858,0,0,2,1,1,1,0,0,1,2,2,1
859,0,0,2,0,1,1,0,0,2,2,2,1
860,0,0,1,1,1,1,0,0,1,2,2,1
861,0,0,1,0,1,1,0,0,2,2,2,1
862,0,0,2,1,1,1,0,0,1,2,2,1
863,0,0,1,0,1,1,0,0,2,2,2,1
864,0,0,1,1,1,1,0,0,1,2,2,1
865,0,0,1,1,1,1,0,0,5,2,2,1
866,0,0,2,0,1,1,0,0,2,2,2,1
867,0,0,1,1,1,1,0,0,5,2,2,1
868,0,0,1,0,1,1,0,0,2,2,2,1
869,0,0,1,1,1,1,0,0,1,3,2,1
870,0,0,1,0,1,1,0,0,2,2,2,1
871,0,0,1,1,1,1,0,0,1,2,2,1
872,0,0,1,1,1,1,0,0,1,2,2,1
873,0,0,1,0,1,1,0,0,1,2,2,1
874,0,0,1,1,1,1,0,0,1,2,2,1
875,0,0,1,0,1,1,0,0,1,2,2,1
876,0,0,1,1,1,1,0,0,1,2,2,1
877,0,0,1,0,1,1,0,0,1,2,2,1
878,0,0,2,1,1,1,0,0,1,2,2,1
879,0,0,1,0,1,1,0,0,2,2,2,1
880,0,0,1,0,1,1,0,0,2,2,2,1
881,0,0,1,0,1,1,0,0,2,2,2,1
882,0,0,1,1,1,1,0,0,1,2,2,1
883,0,0,2,0,1,1,0,0,2,2,2,1
884,0,0,2,1,1,1,0,0,1,2,2,1
885,0,0,1,1,1,1,0,0,1,2,2,1
886,0,0,1,0,1,1,0,0,2,2,2,1
887,0,0,2,1,1,1,0,0,1,2,2,1
888,0,0,2,0,1,1,0,0,2,2,2,1
889,0,0,2,0,1,1,0,0,2,2,2,1
890,0,0,1,0,1,1,0,0,2,2,2,1
891,0,0,2,1,1,1,0,0,1,2,2,1
892,0,0,2,0,1,1,0,0,2,2,2,1
893,0,0,2,1,1,1,0,0,1,2,2,1
894,0,0,2,0,1,1,0,0,2,2,2,1
895,0,0,2,1,1,1,0,0,2,2,2,1
896,0,0,2,1,1,1,0,0,1,2,2,1
897,0,0,2,0,1,1,0,0,2,2,2,1
898,0,0,2,1,1,1,0,0,1,2,2,1
899,0,0,2,0,1,1,0,0,2,2,2,1
900,0,0,2,1,1,1,0,0,1,2,2,1
901,0,0,2,0,1,1,0,0,2,2,2,1
902,0,0,2,1,1,1,0,0,1,2,2,1
903,0,0,2,0,1,1,0,0,2,2,2,1
904,0,0,2,1,1,1,0,0,1,2,2,1
905,0,0,2,0,1,1,0,0,2,2,2,1
906,0,0,1,1,1,1,0,0,1,2,2,1
907,0,0,2,0,1,1,0,0,2,2,2,1
908,0,0,2,1,1,1,0,0,2,2,2,1
909,0,0,2,1,1,1,0,0,1,2,2,1
910,0,0,2,0,1,1,0,0,2,2,2,1
911,0,0,2,1,1,1,0,0,1,2,2,1
912,0,0,2,0,1,1,0,0,2,2,2,1
913,0,0,2,0,1,1,0,0,2,2,2,1
914,0,0,2,0,1,1,0,0,2,2,2,1
915,0,0,2,1,1,1,0,0,1,2,2,1
916,0,0,2,0,1,1,0,0,2,2,2,1
917,0,0,2,1,1,1,0,0,1,2,2,1
918,0,0,2,0,1,1,0,0,2,2,2,1
919,0,0,2,1,1,1,0,0,1,2,2,1
920,0,0,2,0,1,1,0,0,2,2,2,1
921,0,0,2,1,1,1,0,0,2,2,2,1
922,0,0,2,0,1,1,0,0,2,2,2,1
923,0,0,2,0,1,1,0,0,2,2,2,1
924,0,0,2,1,1,1,0,0,1,2,2,1
925,0,0,2,1,1,1,0,0,1,2,2,1
926,0,0,2,1,1,1,0,0,1,2,2,1
927,0,0,2,1,1,1,0,0,1,2,2,1
928,0,0,2,0,1,1,0,0,2,2,2,1
929,0,0,2,1,1,1,0,0,1,2,2,1
930,0,0,2,1,1,1,0,0,1,2,2,1
931,0,0,2,1,1,1,0,0,1,2,2,1
932,0,0,1,0,1,1,0,0,2,2,2,1
933,0,0,2,0,1,1,0,0,2,2,2,1
934,0,0,2,1,1,1,0,0,1,2,2,1
935,0,0,2,1,1,1,0,0,1,2,2,1
936,0,0,1,0,1,1,0,0,2,2,2,1
937,0,0,1,0,1,1,0,0,2,2,2,1
938,0,0,2,0,1,1,0,0,2,2,2,1
939,0,0,2,0,1,1,0,0,2,2,2,1
940,0,0,2,1,1,1,0,0,1,2,2,1
941,0,0,2,1,1,1,0,0,1,2,2,1
942,0,0,1,0,1,1,0,0,2,2,2,1
943,0,0,2,1,1,1,0,0,2,2,2,1
944,0,0,2,1,1,1,0,0,1,2,2,1
945,0,0,2,1,1,1,0,0,1,2,2,1
946,0,0,2,1,1,1,0,0,1,2,2,1
947,0,0,2,0,1,1,0,0,2,2,2,1
948,0,0,2,1,1,1,0,0,1,2,2,1
949,0,0,2,1,1,1,0,0,2,2,2,1
950,0,0,2,1,1,1,0,0,1,2,2,1
951,0,0,2,1,1,1,0,0,1,2,2,1
952,0,0,2,1,1,1,0,0,2,2,2,1
953,0,0,2,1,1,1,0,0,1,2,2,1
954,0,0,2,0,1,1,0,0,2,2,2,1
955,0,0,2,1,1,1,0,0,1,2,2,1
956,0,0,2,0,1,1,0,0,2,2,2,1
957,0,0,1,1,1,1,0,0,1,2,2,1
958,0,0,2,0,1,1,0,0,2,2,2,1
959,0,0,2,1,1,1,0,0,1,2,2,1
960,0,0,2,0,1,1,0,0,2,2,2,1
961,0,0,2,1,1,1,0,0,2,2,2,1
962,0,0,2,0,1,1,0,0,2,2,2,1
963,0,0,2,0,1,1,0,0,2,2,2,1
964,0,0,2,0,1,1,0,0,2,2,2,1
965,0,0,2,1,1,1,0,0,2,2,2,1
966,0,0,2,1,1,1,0,0,1,2,2,1
967,0,0,1,0,1,1,0,0,2,2,2,1
968,0,0,2,1,1,1,0,0,1,2,2,1
969,0,0,2,0,1,1,0,0,2,2,2,1
970,0,0,2,1,1,1,0,0,1,2,2,1
971,0,0,2,0,1,1,0,0,2,2,2,1
972,0,0,2,1,1,1,0,0,2,2,2,1
973,0,0,1,0,1,1,0,0,2,2,2,1
974,0,0,2,1,1,1,0,0,1,2,2,1
975,0,0,2,0,1,1,0,0,2,2,2,1
976,0,0,2,0,1,1,0,0,2,2,2,1
977,0,0,2,1,1,1,0,0,1,2,2,1
978,0,0,2,0,1,1,0,0,2,2,2,1
979,0,0,2,1,1,1,0,0,1,2,2,1
980,0,0,2,1,1,1,0,0,1,2,2,1
981,0,0,2,0,1,1,0,0,2,2,2,1
982,0,0,2,1,1,1,0,0,1,2,2,1
983,0,0,1,0,1,1,0,0,2,2,2,1
984,0,0,2,1,1,1,0,0,1,2,2,1
985,0,0,2,0,1,1,0,0,2,2,2,1
986,0,0,2,1,1,1,0,0,1,2,2,1
987,0,0,2,1,1,1,0,0,2,2,2,1
988,0,0,1,1,1,1,0,0,1,2,2,1
989,0,0,2,0,1,1,0,0,2,2,2,1
990,0,0,2,1,1,1,0,0,1,2,2,1
991,0,0,1,1,1,1,0,0,1,2,2,1
992,0,0,1,1,1,1,0,0,1,2,2,1
993,0,0,1,1,1,1,0,0,1,2,2,1
994,0,0,1,0,1,1,0,0,2,2,2,1
995,0,0,1,1,1,1,0,0,1,2,2,1
996,0,0,1,1,1,1,0,0,1,2,2,1
997,0,0,1,0,1,1,0,0,2,2,2,1
998,0,0,2,0,1,1,0,0,2,2,2,1
